Title,,Link
"2023 CyberTipline Reports by
Electronic Service Providers (ESP)",,https://www.missingkids.org/content/dam/missingkids/pdfs/2023-reports-by-esp.pdf
SUPERIOR COURT OF THE STATE OF CALIFORNIA COUNTY OF SAN FRANCISCO,,https://www.anapolweiss.com/roblox-and-discord-complaint-florida-minor.pdf
"SUPERIOR COURT OF THE STATE OF CALIFORNIA
COUNTY OF SAN MATEO",,https://www.anapolweiss.com/roblox-complaint-indiana-minor.pdf
"Roblox, Discord face lawsuit
",,https://www.smdailyjournal.com/news/local/roblox-discord-face-lawsuit/article_d321ecca-f008-11ef-97bf-47ffd9368546.html
,,
Roblox Addiction Lawsuit Overview,,https://www.torhoermanlaw.com/video-game-addiction-lawsuit/roblox-addiction-lawsuit/
Roblox Video Game Addiction Lawsuit,,https://nighgoldenberg.com/roblox/
,,
Roblox Faces Lawsuit for Targeting Kids' Gaming Addictions & Exploiting Them,,https://80.lv/articles/roblox-faces-lawsuit-for-targeting-kids-gaming-addictions-exploiting-them
,,
GamblingAlleged Video Games Addiction Leads to Lawsuit (Updated),,https://esportslegal.news/2024/04/17/video-games-addiction-lawsuit/#google_vignette
"Roblox Is Making Money Off Child Gambling, New Lawsuit Claims",,https://www.rollingstone.com/culture/rs-gaming/roblox-child-gambling-lawsuit-1234808313/